03/14,10:40,230,This is the task,0
05/16,11:30,250,Task num 2,1
02/01,22:33,331,Task 3rd task here,0
06/22,13:57,220,Test Task,0
11/13,15:34,220,Test Task,0
12/14,17:43,220,Test Task,0
03/18,19:52,220,Test Task,0
03/14,18:34,220,Test Task,0
03/24,16:54,220,Test Task,0
07/24,15:25,220,Test Task,0
11/25,12:36,220,Test Task,0
06/23,14:57,220,Test Task,0
05/17,17:45,220,Test Task,1
05/17,17:45,220,Test Task,0
05/17,17:45,220,Test Task,0
05/17,17:45,CSE 220,Test Task,0
05/17,11:36,CSE220,Test Task,0
05/17,16:53,220,Test Task,0
05/17,06:39,220,Test Task,0
05/17,06:31,220,Test Task,1
05/17,12:16,220,Test Task,0
03/24,,220,Test Task,0
07/14,,220,Test Task,0
04/25,,220,Test Task,0
06/23,,220,Test Task,0
04/25,00:00,220,Test Task,0
04/25,00:01,220,Test Task,1
06/23,12:00,220,Test Task,0
06/23,12:00,Task with a long topic,Test Task,0
